Payment_ID,Payment_Date,Customer_ID,Payment_Method,Gateway,Amount,Payment_Status,Customer_Type,Region,Processing_Time_Min
PAY10001,2025-01-01 00:00:00.000,CUST1148,Wallet,Stripe,3999.0,Success,Returning,West,1.6
PAY10002,2025-01-01 14:35:03.506,CUST1218,Credit Card,Cashfree,499.0,Refunded,Returning,Central,21.14
PAY10003,2025-01-02 05:10:07.012,CUST1219,Net Banking,PayU,799.0,Success,Returning,East,1.27
PAY10004,2025-01-02 19:45:10.518,CUST1213,Credit Card,Cashfree,1499.0,Success,New,North,17.89
PAY10005,2025-01-03 10:20:14.023,CUST1082,Wallet,Stripe,1499.0,Success,Returning,West,24.29
PAY10006,2025-01-04 00:55:17.529,CUST1077,Wallet,PayU,299.0,Success,Returning,Central,11.5
PAY10007,2025-01-04 15:30:21.035,CUST1208,UPI,Cashfree,2999.0,Success,Returning,North,6.64
PAY10008,2025-01-05 06:05:24.541,CUST1201,Wallet,Stripe,2999.0,Failed,Returning,North,17.92
PAY10009,2025-01-05 20:40:28.047,CUST1191,UPI,Razorpay,999.0,Success,Returning,North,20.61
PAY10010,2025-01-06 11:15:31.553,CUST1076,Net Banking,Stripe,2499.0,Success,New,North,14.11
PAY10011,2025-01-07 01:50:35.058,CUST1172,Credit Card,Razorpay,799.0,Success,New,East,24.21
PAY10012,2025-01-07 16:25:38.564,CUST1038,Credit Card,Cashfree,1999.0,Refunded,New,East,2.24
PAY10013,2025-01-08 07:00:42.070,CUST1211,UPI,PayU,3999.0,Failed,New,East,13.12
PAY10014,2025-01-08 21:35:45.576,CUST1188,Credit Card,PayU,299.0,Success,Returning,Central,18.24
PAY10015,2025-01-09 12:10:49.082,CUST1071,Wallet,Cashfree,1499.0,Success,Returning,Central,21.7
PAY10016,2025-01-10 02:45:52.588,CUST1249,Debit Card,PayU,999.0,Success,New,Central,5.3
PAY10017,2025-01-10 17:20:56.093,CUST1227,UPI,PayU,2999.0,Success,New,South,20.2
PAY10018,2025-01-11 07:55:59.599,CUST1048,Credit Card,Razorpay,299.0,Success,Returning,Central,14.26
PAY10019,2025-01-11 22:31:03.105,CUST1018,UPI,Cashfree,1499.0,Success,New,East,10.52
PAY10020,2025-01-12 13:06:06.611,CUST1144,UPI,Stripe,1999.0,Success,New,East,4.16
PAY10021,2025-01-13 03:41:10.117,CUST1183,Debit Card,Razorpay,999.0,Success,New,South,21.77
PAY10022,2025-01-13 18:16:13.623,CUST1039,Wallet,Cashfree,3999.0,Success,New,South,4.77
PAY10023,2025-01-14 08:51:17.129,CUST1196,UPI,Razorpay,1499.0,Success,New,Central,8.43
PAY10024,2025-01-14 23:26:20.634,CUST1187,Credit Card,Stripe,1499.0,Success,New,West,7.96
PAY10025,2025-01-15 14:01:24.140,CUST1089,Net Banking,Stripe,1499.0,Success,New,South,21.91
PAY10026,2025-01-16 04:36:27.646,CUST1224,UPI,Cashfree,299.0,Failed,Returning,North,17.14
PAY10027,2025-01-16 19:11:31.152,CUST1062,UPI,Stripe,299.0,Success,New,East,20.12
PAY10028,2025-01-17 09:46:34.658,CUST1232,Debit Card,Razorpay,2999.0,Success,Returning,North,7.01
PAY10029,2025-01-18 00:21:38.164,CUST1141,Wallet,Stripe,2999.0,Success,New,East,16.0
PAY10030,2025-01-18 14:56:41.669,CUST1109,Net Banking,Razorpay,1999.0,Success,New,East,14.72
PAY10031,2025-01-19 05:31:45.175,CUST1081,Credit Card,Razorpay,999.0,Success,Returning,South,20.99
PAY10032,2025-01-19 20:06:48.681,CUST1241,Net Banking,Stripe,499.0,Success,New,South,22.75
PAY10033,2025-01-20 10:41:52.187,CUST1229,Credit Card,Cashfree,499.0,Success,New,North,1.29
PAY10034,2025-01-21 01:16:55.693,CUST1134,Unknown,PayU,3999.0,Pending,New,East,17.18
PAY10035,2025-01-21 15:51:59.199,CUST1211,Credit Card,Stripe,1499.0,Refunded,New,North,2.24
PAY10036,2025-01-22 06:27:02.705,CUST1077,Debit Card,Razorpay,999.0,Failed,New,West,14.17
PAY10037,2025-01-22 21:02:06.210,CUST1249,Debit Card,Razorpay,299.0,Success,New,North,7.9
PAY10038,2025-01-23 11:37:09.716,CUST1188,Debit Card,Stripe,2499.0,Success,Returning,Central,8.36
PAY10039,2025-01-24 02:12:13.222,CUST1090,Debit Card,Cashfree,799.0,Success,New,North,9.47
PAY10040,2025-01-24 16:47:16.728,CUST1014,Net Banking,Cashfree,1999.0,Success,Returning,Central,15.91
PAY10041,2025-01-25 07:22:20.234,CUST1095,Wallet,Razorpay,1499.0,Success,Returning,Central,9.02
PAY10042,2025-01-25 21:57:23.740,CUST1054,Credit Card,Razorpay,1499.0,Success,Returning,Central,18.58
PAY10043,2025-01-26 12:32:27.245,CUST1132,Credit Card,Cashfree,1499.0,Success,New,West,13.155000000000001
PAY10044,2025-01-27 03:07:30.751,CUST1039,Debit Card,PayU,299.0,Pending,Returning,North,2.64
PAY10045,2025-01-27 17:42:34.257,CUST1072,Debit Card,Stripe,299.0,Success,New,North,19.81
PAY10046,2025-01-28 08:17:37.763,CUST1025,UPI,Razorpay,799.0,Success,New,West,7.86
PAY10047,2025-01-28 22:52:41.269,CUST1077,Wallet,Razorpay,999.0,Success,New,East,11.39
PAY10048,2025-01-29 13:27:44.775,CUST1160,Net Banking,Cashfree,1499.0,Success,Returning,South,17.45
PAY10049,2025-01-30 04:02:48.280,CUST1187,Credit Card,Stripe,499.0,Success,New,North,8.98
PAY10050,2025-01-30 18:37:51.786,CUST1230,UPI,Cashfree,2999.0,Success,New,South,2.36
PAY10051,2025-01-31 09:12:55.292,CUST1191,UPI,Stripe,499.0,Refunded,New,West,9.97
PAY10052,2025-01-31 23:47:58.798,CUST1166,Credit Card,Stripe,3999.0,Success,Returning,East,23.67
PAY10053,2025-02-01 14:23:02.304,CUST1120,Net Banking,Stripe,499.0,Pending,Returning,East,16.4
PAY10054,2025-02-02 04:58:05.810,CUST1220,UPI,Razorpay,3999.0,Pending,Returning,East,17.12
PAY10055,2025-02-02 19:33:09.316,CUST1053,UPI,PayU,2499.0,Success,New,West,16.17
PAY10056,2025-02-03 10:08:12.821,CUST1222,Wallet,Cashfree,2999.0,Pending,New,Central,5.78
PAY10057,2025-02-04 00:43:16.327,CUST1195,Net Banking,PayU,499.0,Success,Returning,Central,11.04
PAY10058,2025-02-04 15:18:19.833,CUST1156,UPI,Cashfree,2499.0,Success,New,South,19.02
PAY10059,2025-02-05 05:53:23.339,CUST1131,Net Banking,Stripe,1999.0,Success,New,Central,3.43
PAY10060,2025-02-05 20:28:26.845,CUST1237,Credit Card,Razorpay,999.0,Success,Returning,Central,7.67
PAY10061,2025-02-06 11:03:30.351,CUST1246,Debit Card,PayU,2499.0,Success,Returning,East,7.63
PAY10062,2025-02-07 01:38:33.856,CUST1226,UPI,Razorpay,999.0,Success,Returning,East,11.37
PAY10063,2025-02-07 16:13:37.362,CUST1208,Wallet,Cashfree,499.0,Failed,Returning,South,24.53
PAY10064,2025-02-08 06:48:40.868,CUST1150,Credit Card,Razorpay,2499.0,Success,Returning,North,2.62
PAY10065,2025-02-08 21:23:44.374,CUST1096,Net Banking,Razorpay,2999.0,Success,New,South,13.45
PAY10066,2025-02-09 11:58:47.880,CUST1166,Credit Card,PayU,499.0,Success,New,South,5.3
PAY10067,2025-02-10 02:33:51.386,CUST1200,UPI,Stripe,1499.0,Success,Returning,West,24.3
PAY10068,2025-02-10 17:08:54.891,CUST1247,Net Banking,Razorpay,299.0,Failed,New,West,3.72
PAY10069,2025-02-11 07:43:58.397,CUST1072,Debit Card,Stripe,2499.0,Success,Returning,South,10.69
PAY10070,2025-02-11 22:19:01.903,CUST1062,Credit Card,Cashfree,2999.0,Refunded,New,South,18.71
PAY10071,2025-02-12 12:54:05.409,CUST1185,UPI,Razorpay,1999.0,Success,New,South,17.91
PAY10072,2025-02-13 03:29:08.915,CUST1006,Wallet,PayU,1499.0,Success,Returning,Central,11.15
PAY10073,2025-02-13 18:04:12.421,CUST1206,Net Banking,Cashfree,1999.0,Success,Returning,West,9.32
PAY10074,2025-02-14 08:39:15.927,CUST1032,Credit Card,Cashfree,499.0,Failed,Returning,South,10.54
PAY10075,2025-02-14 23:14:19.432,CUST1099,Credit Card,PayU,299.0,Success,New,East,7.34
PAY10076,2025-02-15 13:49:22.938,CUST1138,Debit Card,Unknown,2499.0,Success,Returning,East,5.93
PAY10077,2025-02-16 04:24:26.444,CUST1131,Debit Card,Razorpay,2499.0,Success,New,Central,12.59
PAY10078,2025-02-16 18:59:29.950,CUST1187,Wallet,Cashfree,499.0,Success,New,Central,7.44
PAY10079,2025-02-17 09:34:33.456,CUST1076,Wallet,Razorpay,499.0,Success,New,North,7.9
PAY10080,2025-02-18 00:09:36.962,CUST1177,UPI,Stripe,299.0,Success,New,North,16.76
PAY10081,2025-02-18 14:44:40.467,CUST1059,UPI,PayU,2999.0,Failed,New,North,24.24
PAY10082,2025-02-19 05:19:43.973,CUST1031,Wallet,Stripe,2999.0,Success,Returning,Central,15.49
PAY10083,2025-02-19 19:54:47.479,CUST1093,Wallet,Razorpay,299.0,Success,Returning,Central,2.85
PAY10084,2025-02-20 10:29:50.985,CUST1069,Net Banking,Cashfree,2999.0,Success,Returning,Central,2.81
PAY10085,2025-02-21 01:04:54.491,CUST1190,Debit Card,PayU,3999.0,Success,New,East,23.83
PAY10086,2025-02-21 15:39:57.997,CUST1052,UPI,Razorpay,999.0,Success,Returning,Central,8.13
PAY10087,2025-02-22 06:15:01.503,CUST1089,Debit Card,Razorpay,299.0,Success,Returning,East,3.21
PAY10088,2025-02-22 20:50:05.008,CUST1127,Debit Card,Cashfree,299.0,Success,Returning,North,15.38
PAY10089,2025-02-23 11:25:08.514,CUST1169,Wallet,Cashfree,799.0,Pending,New,North,15.97
PAY10090,2025-02-24 02:00:12.020,CUST1031,Net Banking,Stripe,1499.0,Success,New,North,16.56
PAY10091,2025-02-24 16:35:15.526,CUST1213,Credit Card,PayU,1499.0,Success,New,South,7.42
PAY10092,2025-02-25 07:10:19.032,CUST1250,Net Banking,PayU,3999.0,Success,New,South,1.36
PAY10093,2025-02-25 21:45:22.538,CUST1084,Net Banking,Cashfree,499.0,Success,New,West,24.16
PAY10094,2025-02-26 12:20:26.043,CUST1231,Debit Card,Stripe,499.0,Success,Returning,West,7.02
PAY10095,2025-02-27 02:55:29.549,CUST1127,Net Banking,PayU,1999.0,Success,New,West,17.22
PAY10096,2025-02-27 17:30:33.055,CUST1150,UPI,Cashfree,3999.0,Success,New,South,17.96
PAY10097,2025-02-28 08:05:36.561,CUST1132,Debit Card,Razorpay,299.0,Success,New,South,15.64
PAY10098,2025-02-28 22:40:40.067,CUST1013,UPI,PayU,1499.0,Success,New,West,8.51
PAY10099,2025-03-01 13:15:43.573,CUST1045,Credit Card,Stripe,3999.0,Success,New,West,7.51
PAY10100,2025-03-02 03:50:47.078,CUST1127,Debit Card,Stripe,3999.0,Success,New,Central,15.34
PAY10101,2025-03-02 18:25:50.584,CUST1170,Credit Card,Stripe,1499.0,Success,New,West,21.79
PAY10102,2025-03-03 09:00:54.090,CUST1114,Debit Card,Razorpay,3999.0,Success,Returning,Central,23.72
PAY10103,2025-03-03 23:35:57.596,CUST1177,Wallet,PayU,999.0,Success,Returning,East,3.54
PAY10104,2025-03-04 14:11:01.102,CUST1020,Net Banking,PayU,499.0,Success,New,South,4.72
PAY10105,2025-03-05 04:46:04.608,CUST1244,Wallet,Razorpay,1999.0,Pending,New,West,23.67
PAY10106,2025-03-05 19:21:08.114,CUST1205,Credit Card,PayU,999.0,Success,Returning,South,18.68
PAY10107,2025-03-06 09:56:11.619,CUST1081,Net Banking,Razorpay,1999.0,Success,New,South,22.19
PAY10108,2025-03-07 00:31:15.125,CUST1182,Debit Card,Razorpay,799.0,Success,New,South,5.86
PAY10109,2025-03-07 15:06:18.631,CUST1164,Net Banking,Razorpay,1999.0,Success,Returning,East,15.1
PAY10110,2025-03-08 05:41:22.137,CUST1225,UPI,Stripe,499.0,Success,New,North,17.83
PAY10111,2025-03-08 20:16:25.643,CUST1129,Net Banking,PayU,499.0,Success,New,West,17.32
PAY10112,2025-03-09 10:51:29.149,CUST1143,UPI,Razorpay,3999.0,Success,New,North,10.8
PAY10113,2025-03-10 01:26:32.654,CUST1205,Net Banking,PayU,2499.0,Pending,New,North,1.37
PAY10114,2025-03-10 16:01:36.160,CUST1017,UPI,Stripe,799.0,Failed,New,North,14.99
PAY10115,2025-03-11 06:36:39.666,CUST1152,Credit Card,Razorpay,299.0,Success,Returning,South,7.07
PAY10116,2025-03-11 21:11:43.172,CUST1058,Wallet,Cashfree,2999.0,Failed,New,Central,11.81
PAY10117,2025-03-12 11:46:46.678,CUST1072,Debit Card,Stripe,1999.0,Failed,New,South,23.98
PAY10118,2025-03-13 02:21:50.184,CUST1242,Net Banking,Cashfree,2499.0,Success,Returning,South,10.58
PAY10119,2025-03-13 16:56:53.689,CUST1219,Wallet,PayU,3999.0,Pending,New,North,21.16
PAY10120,2025-03-14 07:31:57.195,CUST1109,Debit Card,PayU,1499.0,Success,New,South,5.52
PAY10121,2025-03-14 22:07:00.701,CUST1023,Debit Card,Stripe,299.0,Failed,Returning,North,17.14
PAY10122,2025-03-15 12:42:04.207,CUST1174,UPI,PayU,2499.0,Pending,New,Central,24.45
PAY10123,2025-03-16 03:17:07.713,CUST1072,Credit Card,Cashfree,1499.0,Success,Returning,West,3.45
PAY10124,2025-03-16 17:52:11.219,CUST1008,Credit Card,Razorpay,799.0,Success,Returning,North,1.2
PAY10125,2025-03-17 08:27:14.725,CUST1059,Wallet,Razorpay,3999.0,Success,Returning,Central,11.41
PAY10126,2025-03-17 23:02:18.230,CUST1218,Credit Card,Razorpay,299.0,Success,New,West,3.22
PAY10127,2025-03-18 13:37:21.736,CUST1111,Net Banking,Stripe,299.0,Failed,Returning,East,18.96
PAY10128,2025-03-19 04:12:25.242,CUST1187,Credit Card,PayU,299.0,Failed,New,North,22.95
PAY10129,2025-03-19 18:47:28.748,CUST1013,Wallet,Cashfree,799.0,Success,Returning,North,11.42
PAY10130,2025-03-20 09:22:32.254,CUST1167,Credit Card,PayU,1999.0,Success,New,East,7.21
PAY10131,2025-03-20 23:57:35.760,CUST1229,Net Banking,PayU,799.0,Success,New,East,11.43
PAY10132,2025-03-21 14:32:39.265,CUST1241,UPI,PayU,2999.0,Success,New,North,18.36
PAY10133,2025-03-22 05:07:42.771,CUST1156,Wallet,Razorpay,499.0,Success,Returning,East,1.22
PAY10134,2025-03-22 19:42:46.277,CUST1217,UPI,Cashfree,3999.0,Success,Returning,South,15.15
PAY10135,2025-03-23 10:17:49.783,CUST1189,UPI,Cashfree,799.0,Pending,New,West,15.72
PAY10136,2025-03-24 00:52:53.289,CUST1016,UPI,PayU,1499.0,Success,New,West,16.3
PAY10137,2025-03-24 15:27:56.795,CUST1119,Debit Card,Razorpay,2999.0,Success,Returning,West,6.81
PAY10138,2025-03-25 06:03:00.300,CUST1002,Debit Card,Razorpay,499.0,Success,New,South,18.14
PAY10139,2025-03-25 20:38:03.806,CUST1246,UPI,Cashfree,1999.0,Success,New,East,3.19
PAY10140,2025-03-26 11:13:07.312,CUST1210,Wallet,Razorpay,1499.0,Refunded,Returning,Central,5.78
PAY10141,2025-03-27 01:48:10.818,CUST1145,Net Banking,Razorpay,3999.0,Refunded,New,East,22.06
PAY10142,2025-03-27 16:23:14.324,CUST1030,Net Banking,Razorpay,1499.0,Success,Returning,North,18.73
PAY10143,2025-03-28 06:58:17.830,CUST1103,Credit Card,Stripe,499.0,Success,New,West,1.33
PAY10144,2025-03-28 21:33:21.336,CUST1013,Wallet,PayU,1499.0,Success,New,East,6.96
PAY10145,2025-03-29 12:08:24.841,CUST1096,Debit Card,Cashfree,999.0,Success,New,Central,6.15
PAY10146,2025-03-30 02:43:28.347,CUST1242,UPI,Cashfree,2499.0,Success,Returning,Unknown,7.5
PAY10147,2025-03-30 17:18:31.853,CUST1221,Credit Card,Stripe,1999.0,Success,New,South,6.94
PAY10148,2025-03-31 07:53:35.359,CUST1238,Net Banking,PayU,499.0,Success,New,South,2.5
PAY10149,2025-03-31 22:28:38.865,CUST1094,Debit Card,Cashfree,1499.0,Success,New,Central,12.01
PAY10150,2025-04-01 13:03:42.371,CUST1082,Debit Card,Razorpay,2499.0,Success,Returning,North,18.59
PAY10151,2025-04-02 03:38:45.876,CUST1013,UPI,Cashfree,2499.0,Pending,New,West,15.56
PAY10152,2025-04-02 18:13:49.382,CUST1171,Net Banking,Razorpay,1499.0,Success,New,East,17.15
PAY10153,2025-04-03 08:48:52.888,CUST1213,Wallet,Stripe,3999.0,Success,Returning,North,2.95
PAY10154,2025-04-03 23:23:56.394,CUST1094,Debit Card,Razorpay,999.0,Success,New,South,23.84
PAY10155,2025-04-04 13:58:59.900,CUST1149,UPI,Cashfree,799.0,Refunded,New,Central,21.12
PAY10156,2025-04-05 04:34:03.406,CUST1112,Wallet,Cashfree,999.0,Success,Returning,Central,20.32
PAY10157,2025-04-05 19:09:06.912,CUST1055,Net Banking,Cashfree,1499.0,Success,New,East,20.75
PAY10158,2025-04-06 09:44:10.417,CUST1081,Debit Card,Stripe,1999.0,Success,Returning,Central,23.39
PAY10159,2025-04-07 00:19:13.923,CUST1168,Wallet,Stripe,799.0,Success,New,Central,14.06
PAY10160,2025-04-07 14:54:17.429,CUST1211,Wallet,PayU,499.0,Success,Returning,North,5.81
PAY10161,2025-04-08 05:29:20.935,CUST1116,Wallet,Cashfree,999.0,Success,New,West,15.8
PAY10162,2025-04-08 20:04:24.441,CUST1143,Debit Card,Razorpay,1499.0,Success,New,East,18.83
PAY10163,2025-04-09 10:39:27.947,CUST1201,Debit Card,Stripe,999.0,Success,Returning,North,18.71
PAY10164,2025-04-10 01:14:31.452,CUST1180,Credit Card,Cashfree,799.0,Success,Returning,West,13.51
PAY10165,2025-04-10 15:49:34.958,CUST1202,Net Banking,Cashfree,2999.0,Success,New,North,2.64
PAY10166,2025-04-11 06:24:38.464,CUST1108,UPI,Stripe,999.0,Failed,New,North,9.91
PAY10167,2025-04-11 20:59:41.970,CUST1223,Wallet,PayU,499.0,Success,Returning,Central,23.1
PAY10168,2025-04-12 11:34:45.476,CUST1053,Credit Card,Stripe,499.0,Success,New,West,15.03
PAY10169,2025-04-13 02:09:48.982,CUST1215,UPI,Stripe,299.0,Success,Returning,East,13.92
PAY10170,2025-04-13 16:44:52.487,CUST1128,Credit Card,Razorpay,999.0,Success,Returning,East,7.45
PAY10171,2025-04-14 07:19:55.993,CUST1180,Debit Card,Razorpay,3999.0,Success,New,West,9.84
PAY10172,2025-04-14 21:54:59.499,CUST1158,Wallet,PayU,2499.0,Success,New,Central,22.49
PAY10173,2025-04-15 12:30:03.005,CUST1161,UPI,Cashfree,2499.0,Success,Returning,South,17.0
PAY10174,2025-04-16 03:05:06.511,CUST1057,UPI,Stripe,2499.0,Success,New,North,19.9
PAY10175,2025-04-16 17:40:10.017,CUST1052,UPI,PayU,2999.0,Success,New,Central,11.9
PAY10176,2025-04-17 08:15:13.523,CUST1137,UPI,Razorpay,299.0,Success,Returning,West,16.13
PAY10177,2025-04-17 22:50:17.028,CUST1182,UPI,Stripe,2999.0,Success,New,North,6.96
PAY10178,2025-04-18 13:25:20.534,CUST1111,Credit Card,Cashfree,999.0,Success,Returning,East,17.93
PAY10179,2025-04-19 04:00:24.040,CUST1001,Wallet,Razorpay,999.0,Pending,New,South,11.26
PAY10180,2025-04-19 18:35:27.546,CUST1044,Debit Card,Razorpay,999.0,Success,New,East,11.62
PAY10181,2025-04-20 09:10:31.052,CUST1227,Debit Card,Razorpay,1999.0,Success,New,West,16.58
PAY10182,2025-04-20 23:45:34.558,CUST1075,Debit Card,PayU,2499.0,Success,New,North,23.47
PAY10183,2025-04-21 14:20:38.063,CUST1098,Debit Card,Cashfree,1999.0,Pending,New,West,2.54
PAY10184,2025-04-22 04:55:41.569,CUST1208,Credit Card,Stripe,299.0,Failed,New,North,20.79
PAY10185,2025-04-22 19:30:45.075,CUST1009,Net Banking,PayU,2999.0,Success,Returning,Central,8.02
PAY10186,2025-04-23 10:05:48.581,CUST1032,Wallet,PayU,2499.0,Success,New,South,11.65
PAY10187,2025-04-24 00:40:52.087,CUST1015,UPI,PayU,1999.0,Failed,New,Central,1.53
PAY10188,2025-04-24 15:15:55.593,CUST1140,Net Banking,Razorpay,1999.0,Success,New,Central,8.23
PAY10189,2025-04-25 05:50:59.098,CUST1225,Unknown,Cashfree,1499.0,Success,New,West,13.06
PAY10190,2025-04-25 20:26:02.604,CUST1237,Net Banking,PayU,1999.0,Success,New,South,2.35
PAY10191,2025-04-26 11:01:06.110,CUST1206,Wallet,Stripe,3999.0,Success,New,North,12.79
PAY10192,2025-04-27 01:36:09.616,CUST1249,UPI,Cashfree,3999.0,Pending,New,North,23.25
PAY10193,2025-04-27 16:11:13.122,CUST1185,UPI,Stripe,2999.0,Pending,New,East,3.53
PAY10194,2025-04-28 06:46:16.628,CUST1136,Wallet,Cashfree,3999.0,Success,New,North,19.35
PAY10195,2025-04-28 21:21:20.134,CUST1072,Wallet,Stripe,2999.0,Success,Returning,West,10.83
PAY10196,2025-04-29 11:56:23.639,CUST1155,Debit Card,Razorpay,2999.0,Success,New,Central,16.72
PAY10197,2025-04-30 02:31:27.145,CUST1190,UPI,PayU,299.0,Success,New,Central,7.25
PAY10198,2025-04-30 17:06:30.651,CUST1012,Net Banking,Stripe,1499.0,Pending,Returning,Central,4.83
PAY10199,2025-05-01 07:41:34.157,CUST1065,Credit Card,Cashfree,999.0,Pending,New,South,4.85
PAY10200,2025-05-01 22:16:37.663,CUST1107,Credit Card,PayU,499.0,Success,Returning,North,2.69
PAY10201,2025-05-02 12:51:41.169,CUST1232,Wallet,PayU,2999.0,Success,New,West,5.46
PAY10202,2025-05-03 03:26:44.674,CUST1042,Debit Card,Cashfree,799.0,Success,New,South,16.94
PAY10203,2025-05-03 18:01:48.180,CUST1190,Credit Card,Stripe,999.0,Success,New,East,22.16
PAY10204,2025-05-04 08:36:51.686,CUST1115,UPI,Razorpay,2499.0,Pending,New,West,20.54
PAY10205,2025-05-04 23:11:55.192,CUST1139,Wallet,Razorpay,3999.0,Success,New,West,17.44
PAY10206,2025-05-05 13:46:58.698,CUST1103,Net Banking,Stripe,499.0,Success,New,West,3.65
PAY10207,2025-05-06 04:22:02.204,CUST1171,Wallet,PayU,799.0,Success,Returning,Central,7.94
PAY10208,2025-05-06 18:57:05.710,CUST1095,Net Banking,PayU,999.0,Success,New,West,8.44
PAY10209,2025-05-07 09:32:09.215,CUST1017,Wallet,PayU,299.0,Success,New,North,7.0
PAY10210,2025-05-08 00:07:12.721,CUST1225,Wallet,PayU,2499.0,Success,New,West,13.36
PAY10211,2025-05-08 14:42:16.227,CUST1160,Wallet,Stripe,499.0,Success,New,Central,13.85
PAY10212,2025-05-09 05:17:19.733,CUST1250,Net Banking,PayU,1499.0,Success,New,West,9.57
PAY10213,2025-05-09 19:52:23.239,CUST1221,Net Banking,Cashfree,299.0,Success,Returning,East,9.49
PAY10214,2025-05-10 10:27:26.745,CUST1213,Wallet,PayU,799.0,Success,Returning,East,20.89
PAY10215,2025-05-11 01:02:30.250,CUST1085,Credit Card,Razorpay,499.0,Success,New,Central,19.94
PAY10216,2025-05-11 15:37:33.756,CUST1168,Debit Card,PayU,299.0,Success,Returning,North,8.39
PAY10217,2025-05-12 06:12:37.262,CUST1151,Debit Card,Stripe,2499.0,Success,Returning,North,22.93
PAY10218,2025-05-12 20:47:40.768,CUST1056,Debit Card,Razorpay,1499.0,Success,Returning,South,23.87
PAY10219,2025-05-13 11:22:44.274,CUST1134,Net Banking,Stripe,299.0,Success,New,Central,8.84
PAY10220,2025-05-14 01:57:47.780,CUST1086,Net Banking,Stripe,1999.0,Failed,Returning,West,9.51
PAY10221,2025-05-14 16:32:51.285,CUST1178,Credit Card,Razorpay,1499.0,Success,New,Central,13.14
PAY10222,2025-05-15 07:07:54.791,CUST1102,Debit Card,Stripe,1499.0,Success,Returning,South,23.59
PAY10223,2025-05-15 21:42:58.297,CUST1165,Debit Card,Stripe,2499.0,Success,New,Central,22.03
PAY10224,2025-05-16 12:18:01.803,CUST1237,Wallet,PayU,3999.0,Success,New,Central,3.46
PAY10225,2025-05-17 02:53:05.309,CUST1192,Net Banking,Cashfree,3999.0,Success,Returning,South,10.43
PAY10226,2025-05-17 17:28:08.815,CUST1243,Debit Card,Stripe,3999.0,Success,New,North,14.28
PAY10227,2025-05-18 08:03:12.321,CUST1054,Credit Card,Stripe,499.0,Refunded,Returning,West,13.08
PAY10228,2025-05-18 22:38:15.826,CUST1200,Credit Card,Stripe,799.0,Success,Returning,South,5.65
PAY10229,2025-05-19 13:13:19.332,CUST1233,Debit Card,PayU,2499.0,Pending,Returning,East,21.61
PAY10230,2025-05-20 03:48:22.838,CUST1177,Net Banking,Cashfree,1499.0,Success,New,North,17.25
PAY10231,2025-05-20 18:23:26.344,CUST1227,Credit Card,Razorpay,499.0,Failed,Returning,East,21.11
PAY10232,2025-05-21 08:58:29.850,CUST1115,Wallet,PayU,799.0,Success,New,North,21.61
PAY10233,2025-05-21 23:33:33.356,CUST1139,Credit Card,PayU,1999.0,Success,New,West,18.96
PAY10234,2025-05-22 14:08:36.861,CUST1088,UPI,Cashfree,2499.0,Success,Returning,West,11.54
PAY10235,2025-05-23 04:43:40.367,CUST1049,UPI,Cashfree,3999.0,Success,New,Central,15.65
PAY10236,2025-05-23 19:18:43.873,CUST1149,Net Banking,PayU,299.0,Success,New,East,4.85
PAY10237,2025-05-24 09:53:47.379,CUST1115,Debit Card,Razorpay,2499.0,Success,Returning,North,17.17
PAY10238,2025-05-25 00:28:50.885,CUST1194,Net Banking,PayU,2999.0,Success,New,West,5.3
PAY10239,2025-05-25 15:03:54.391,CUST1063,Net Banking,Cashfree,799.0,Success,New,South,17.65
PAY10240,2025-05-26 05:38:57.896,CUST1104,Net Banking,Razorpay,999.0,Success,Returning,West,6.51
PAY10241,2025-05-26 20:14:01.402,CUST1083,Net Banking,Cashfree,1999.0,Pending,New,South,3.82
PAY10242,2025-05-27 10:49:04.908,CUST1103,Wallet,Razorpay,2499.0,Refunded,Returning,North,4.97
PAY10243,2025-05-28 01:24:08.414,CUST1156,Wallet,Stripe,999.0,Pending,Returning,West,1.05
PAY10244,2025-05-28 15:59:11.920,CUST1017,Credit Card,Cashfree,2999.0,Success,Returning,West,18.25
PAY10245,2025-05-29 06:34:15.426,CUST1006,UPI,Cashfree,1499.0,Success,Returning,North,18.58
PAY10246,2025-05-29 21:09:18.932,CUST1147,Net Banking,PayU,299.0,Pending,New,West,13.36
PAY10247,2025-05-30 11:44:22.437,CUST1184,Credit Card,Cashfree,999.0,Success,New,South,4.87
PAY10248,2025-05-31 02:19:25.943,CUST1230,UPI,Cashfree,799.0,Refunded,Returning,West,3.01
PAY10249,2025-05-31 16:54:29.449,CUST1028,Debit Card,Stripe,3999.0,Refunded,Returning,East,1.46
PAY10250,2025-06-01 07:29:32.955,CUST1194,Wallet,Cashfree,2999.0,Failed,New,Central,4.98
PAY10251,2025-06-01 22:04:36.461,CUST1038,UPI,Stripe,299.0,Success,New,South,22.38
PAY10252,2025-06-02 12:39:39.967,CUST1119,Debit Card,Stripe,1999.0,Success,New,East,6.8
PAY10253,2025-06-03 03:14:43.472,CUST1037,UPI,Stripe,3999.0,Failed,New,North,9.5
PAY10254,2025-06-03 17:49:46.978,CUST1115,Wallet,Stripe,2499.0,Success,Returning,South,3.53
PAY10255,2025-06-04 08:24:50.484,CUST1244,Wallet,Razorpay,999.0,Success,New,Central,6.34
PAY10256,2025-06-04 22:59:53.990,CUST1068,Credit Card,PayU,299.0,Success,Returning,Central,13.46
PAY10257,2025-06-05 13:34:57.496,CUST1214,Net Banking,Razorpay,499.0,Pending,Returning,North,15.59
PAY10258,2025-06-06 04:10:01.002,CUST1218,UPI,Cashfree,1499.0,Success,New,North,6.89
PAY10259,2025-06-06 18:45:04.508,CUST1177,UPI,Razorpay,1499.0,Success,New,South,2.39
PAY10260,2025-06-07 09:20:08.013,CUST1043,Debit Card,Razorpay,2999.0,Success,New,West,10.38
PAY10261,2025-06-07 23:55:11.519,CUST1164,Wallet,Cashfree,1999.0,Success,New,North,6.62
PAY10262,2025-06-08 14:30:15.025,CUST1058,UPI,Cashfree,2999.0,Refunded,Returning,West,6.27
PAY10263,2025-06-09 05:05:18.531,CUST1013,Wallet,Cashfree,499.0,Success,Returning,East,24.04
PAY10264,2025-06-09 19:40:22.037,CUST1052,UPI,Razorpay,799.0,Success,Returning,Central,15.79
PAY10265,2025-06-10 10:15:25.543,CUST1058,Credit Card,Razorpay,1999.0,Failed,New,West,13.155000000000001
PAY10266,2025-06-11 00:50:29.048,CUST1032,Net Banking,Cashfree,799.0,Success,New,Central,10.98
PAY10267,2025-06-11 15:25:32.554,CUST1209,UPI,PayU,1999.0,Success,Returning,West,11.29
PAY10268,2025-06-12 06:00:36.060,CUST1105,Wallet,PayU,1999.0,Success,New,East,13.98
PAY10269,2025-06-12 20:35:39.566,CUST1228,Credit Card,Stripe,499.0,Success,New,North,17.71
PAY10270,2025-06-13 11:10:43.072,CUST1247,UPI,Cashfree,2499.0,Success,New,East,17.85
PAY10271,2025-06-14 01:45:46.578,CUST1188,Debit Card,Stripe,499.0,Failed,Returning,North,5.12
PAY10272,2025-06-14 16:20:50.083,CUST1238,Net Banking,PayU,1999.0,Failed,New,North,13.0
PAY10273,2025-06-15 06:55:53.589,CUST1083,UPI,Stripe,299.0,Failed,Returning,Central,10.89
PAY10274,2025-06-15 21:30:57.095,CUST1186,Credit Card,Cashfree,799.0,Pending,Returning,East,21.89
PAY10275,2025-06-16 12:06:00.601,CUST1099,Debit Card,Cashfree,499.0,Success,New,West,16.15
PAY10276,2025-06-17 02:41:04.107,CUST1238,Credit Card,Cashfree,2499.0,Success,New,East,13.78
PAY10277,2025-06-17 17:16:07.613,CUST1104,Credit Card,Razorpay,999.0,Failed,New,Central,3.77
PAY10278,2025-06-18 07:51:11.119,CUST1184,Debit Card,Stripe,2999.0,Success,Returning,North,15.54
PAY10279,2025-06-18 22:26:14.624,CUST1028,Credit Card,PayU,1999.0,Success,New,Central,3.81
PAY10280,2025-06-19 13:01:18.130,CUST1129,Debit Card,Unknown,999.0,Failed,New,South,9.09
PAY10281,2025-06-20 03:36:21.636,CUST1170,UPI,PayU,1499.0,Pending,New,South,4.43
PAY10282,2025-06-20 18:11:25.142,CUST1210,Debit Card,Razorpay,3999.0,Success,Returning,West,17.61
PAY10283,2025-06-21 08:46:28.648,CUST1048,Debit Card,Razorpay,2499.0,Success,New,Central,5.95
PAY10284,2025-06-21 23:21:32.154,CUST1040,Net Banking,Cashfree,3999.0,Success,Returning,West,10.4
PAY10285,2025-06-22 13:56:35.659,CUST1097,Debit Card,PayU,2499.0,Success,Returning,West,22.5
PAY10286,2025-06-23 04:31:39.165,CUST1191,Debit Card,Razorpay,299.0,Success,New,South,5.9
PAY10287,2025-06-23 19:06:42.671,CUST1204,UPI,Cashfree,2999.0,Success,Returning,West,13.19
PAY10288,2025-06-24 09:41:46.177,CUST1200,Net Banking,PayU,999.0,Success,New,South,11.06
PAY10289,2025-06-25 00:16:49.683,CUST1216,Wallet,Stripe,799.0,Success,Returning,North,1.43
PAY10290,2025-06-25 14:51:53.189,CUST1208,UPI,Cashfree,2499.0,Success,Returning,Central,20.03
PAY10291,2025-06-26 05:26:56.694,CUST1114,UPI,Razorpay,799.0,Success,Returning,West,2.66
PAY10292,2025-06-26 20:02:00.200,CUST1132,Wallet,Razorpay,2999.0,Success,New,South,12.38
PAY10293,2025-06-27 10:37:03.706,CUST1166,Debit Card,Cashfree,1999.0,Failed,New,East,14.46
PAY10294,2025-06-28 01:12:07.212,CUST1236,Credit Card,Cashfree,1499.0,Success,New,West,16.08
PAY10295,2025-06-28 15:47:10.718,CUST1155,Net Banking,Razorpay,999.0,Success,New,North,17.53
PAY10296,2025-06-29 06:22:14.224,CUST1137,Credit Card,Stripe,2999.0,Success,New,North,7.08
PAY10297,2025-06-29 20:57:17.730,CUST1111,Wallet,PayU,2999.0,Success,New,East,1.24
PAY10298,2025-06-30 11:32:21.235,CUST1144,UPI,Stripe,299.0,Success,New,South,18.36
PAY10299,2025-07-01 02:07:24.741,CUST1184,UPI,Cashfree,3999.0,Success,New,West,13.86
PAY10300,2025-07-01 16:42:28.247,CUST1076,Net Banking,Stripe,1499.0,Success,Returning,South,21.07
PAY10301,2025-07-02 07:17:31.753,CUST1031,UPI,Razorpay,999.0,Success,New,North,20.71
PAY10302,2025-07-02 21:52:35.259,CUST1216,UPI,Cashfree,1999.0,Success,New,South,21.24
PAY10303,2025-07-03 12:27:38.765,CUST1119,Net Banking,PayU,1999.0,Success,New,North,12.64
PAY10304,2025-07-04 03:02:42.270,CUST1142,Net Banking,Razorpay,499.0,Success,New,South,9.01
PAY10305,2025-07-04 17:37:45.776,CUST1237,Wallet,Razorpay,2999.0,Success,Returning,East,20.0
PAY10306,2025-07-05 08:12:49.282,CUST1025,UPI,PayU,2499.0,Refunded,New,Central,11.83
PAY10307,2025-07-05 22:47:52.788,CUST1034,UPI,PayU,299.0,Success,Returning,East,5.4
PAY10308,2025-07-06 13:22:56.294,CUST1067,Wallet,Stripe,1499.0,Success,Returning,East,21.52
PAY10309,2025-07-07 03:57:59.800,CUST1250,Debit Card,Cashfree,1999.0,Failed,Returning,Central,22.18
PAY10310,2025-07-07 18:33:03.306,CUST1152,Debit Card,PayU,999.0,Success,Returning,Central,12.19
PAY10311,2025-07-08 09:08:06.811,CUST1118,Debit Card,PayU,499.0,Success,Returning,West,2.82
PAY10312,2025-07-08 23:43:10.317,CUST1234,Wallet,Cashfree,999.0,Success,Returning,West,10.31
PAY10313,2025-07-09 14:18:13.823,CUST1073,UPI,PayU,299.0,Success,Returning,East,20.28
PAY10314,2025-07-10 04:53:17.329,CUST1026,Wallet,PayU,2499.0,Refunded,New,East,22.64
PAY10315,2025-07-10 19:28:20.835,CUST1148,Wallet,Stripe,499.0,Failed,Returning,North,5.88
PAY10316,2025-07-11 10:03:24.341,CUST1192,Debit Card,Razorpay,499.0,Success,New,Unknown,2.61
PAY10317,2025-07-12 00:38:27.846,CUST1104,Credit Card,Razorpay,3999.0,Success,Returning,West,22.06
PAY10318,2025-07-12 15:13:31.352,CUST1010,UPI,Razorpay,1499.0,Success,New,West,10.35
PAY10319,2025-07-13 05:48:34.858,CUST1211,Debit Card,Razorpay,499.0,Success,New,North,14.0
PAY10320,2025-07-13 20:23:38.364,CUST1067,Credit Card,PayU,3999.0,Success,New,North,24.23
PAY10321,2025-07-14 10:58:41.870,CUST1152,Credit Card,Cashfree,3999.0,Success,New,South,2.6
PAY10322,2025-07-15 01:33:45.376,CUST1005,Net Banking,Cashfree,299.0,Success,New,South,16.56
PAY10323,2025-07-15 16:08:48.881,CUST1195,UPI,Stripe,799.0,Success,New,North,2.78
PAY10324,2025-07-16 06:43:52.387,CUST1186,Credit Card,Stripe,999.0,Success,New,South,10.01
PAY10325,2025-07-16 21:18:55.893,CUST1027,Debit Card,PayU,2499.0,Refunded,New,Central,20.29
PAY10326,2025-07-17 11:53:59.399,CUST1208,Net Banking,Cashfree,999.0,Success,Returning,West,11.4
PAY10327,2025-07-18 02:29:02.905,CUST1113,UPI,Cashfree,499.0,Success,New,West,24.93
PAY10328,2025-07-18 17:04:06.411,CUST1015,Wallet,Razorpay,2499.0,Success,New,North,14.42
PAY10329,2025-07-19 07:39:09.917,CUST1163,Debit Card,PayU,1999.0,Success,Returning,East,8.71
PAY10330,2025-07-19 22:14:13.422,CUST1204,Credit Card,PayU,799.0,Success,New,North,6.28
PAY10331,2025-07-20 12:49:16.928,CUST1105,Credit Card,Razorpay,1999.0,Success,New,South,9.41
PAY10332,2025-07-21 03:24:20.434,CUST1181,Debit Card,PayU,1999.0,Success,Returning,East,9.94
PAY10333,2025-07-21 17:59:23.940,CUST1044,Credit Card,PayU,1499.0,Success,Returning,South,2.65
PAY10334,2025-07-22 08:34:27.446,CUST1026,Net Banking,Stripe,999.0,Success,New,Central,9.87
PAY10335,2025-07-22 23:09:30.952,CUST1175,UPI,Cashfree,299.0,Success,New,South,12.14
PAY10336,2025-07-23 13:44:34.457,CUST1162,Net Banking,PayU,1999.0,Success,Returning,Central,18.35
PAY10337,2025-07-24 04:19:37.963,CUST1215,Credit Card,Stripe,499.0,Failed,Returning,Central,16.76
PAY10338,2025-07-24 18:54:41.469,CUST1095,Wallet,Cashfree,799.0,Success,New,South,18.01
PAY10339,2025-07-25 09:29:44.975,CUST1178,UPI,Razorpay,2999.0,Success,Returning,South,1.2
PAY10340,2025-07-26 00:04:48.481,CUST1084,UPI,Stripe,1999.0,Success,New,Central,6.22
PAY10341,2025-07-26 14:39:51.987,CUST1140,Debit Card,Stripe,799.0,Success,New,East,16.88
PAY10342,2025-07-27 05:14:55.492,CUST1215,Debit Card,Cashfree,2499.0,Success,New,Central,12.62
PAY10343,2025-07-27 19:49:58.998,CUST1132,Wallet,Razorpay,999.0,Success,Returning,West,1.13
PAY10344,2025-07-28 10:25:02.504,CUST1087,UPI,Stripe,3999.0,Success,New,Central,20.31
PAY10345,2025-07-29 01:00:06.010,CUST1176,Wallet,PayU,1499.0,Success,Returning,East,19.55
PAY10346,2025-07-29 15:35:09.516,CUST1183,Debit Card,PayU,799.0,Success,New,West,14.16
PAY10347,2025-07-30 06:10:13.022,CUST1112,Debit Card,PayU,499.0,Success,New,North,2.6
PAY10348,2025-07-30 20:45:16.528,CUST1129,UPI,Razorpay,499.0,Success,New,North,19.4
PAY10349,2025-07-31 11:20:20.033,CUST1246,Net Banking,Stripe,799.0,Success,Returning,East,15.01
PAY10350,2025-08-01 01:55:23.539,CUST1089,Credit Card,PayU,499.0,Success,New,Central,19.77
PAY10351,2025-08-01 16:30:27.045,CUST1066,Debit Card,Razorpay,999.0,Success,New,South,19.04
PAY10352,2025-08-02 07:05:30.551,CUST1158,Debit Card,PayU,499.0,Failed,Returning,East,20.27
PAY10353,2025-08-02 21:40:34.057,CUST1131,Net Banking,Cashfree,3999.0,Success,New,West,13.43
PAY10354,2025-08-03 12:15:37.563,CUST1122,Net Banking,Stripe,499.0,Success,Returning,West,4.37
PAY10355,2025-08-04 02:50:41.068,CUST1149,Wallet,Stripe,3999.0,Success,New,North,17.11
PAY10356,2025-08-04 17:25:44.574,CUST1217,Wallet,Razorpay,1999.0,Success,Returning,West,15.89
PAY10357,2025-08-05 08:00:48.080,CUST1084,Unknown,Razorpay,299.0,Success,New,East,18.81
PAY10358,2025-08-05 22:35:51.586,CUST1177,Credit Card,Stripe,999.0,Success,Returning,West,5.08
PAY10359,2025-08-06 13:10:55.092,CUST1116,UPI,PayU,299.0,Pending,New,East,5.68
PAY10360,2025-08-07 03:45:58.598,CUST1214,Wallet,PayU,1999.0,Success,New,South,22.37
PAY10361,2025-08-07 18:21:02.104,CUST1213,Debit Card,Cashfree,999.0,Success,New,North,19.0
PAY10362,2025-08-08 08:56:05.609,CUST1190,Wallet,PayU,799.0,Success,New,West,22.8
PAY10363,2025-08-08 23:31:09.115,CUST1225,Debit Card,Razorpay,799.0,Success,New,East,19.21
PAY10364,2025-08-09 14:06:12.621,CUST1116,Net Banking,Razorpay,3999.0,Success,Returning,Central,15.33
PAY10365,2025-08-10 04:41:16.127,CUST1038,Wallet,PayU,1999.0,Pending,New,North,16.7
PAY10366,2025-08-10 19:16:19.633,CUST1143,Net Banking,Razorpay,3999.0,Success,Returning,South,22.34
PAY10367,2025-08-11 09:51:23.139,CUST1250,Credit Card,Stripe,1499.0,Refunded,Returning,East,14.89
PAY10368,2025-08-12 00:26:26.644,CUST1250,Credit Card,Stripe,499.0,Pending,Returning,South,16.18
PAY10369,2025-08-12 15:01:30.150,CUST1110,UPI,PayU,2999.0,Success,New,South,4.76
PAY10370,2025-08-13 05:36:33.656,CUST1180,Wallet,Stripe,1499.0,Success,New,West,12.37
PAY10371,2025-08-13 20:11:37.162,CUST1207,Net Banking,Stripe,499.0,Success,Returning,West,18.19
PAY10372,2025-08-14 10:46:40.668,CUST1046,Debit Card,Cashfree,999.0,Success,Returning,East,7.5
PAY10373,2025-08-15 01:21:44.174,CUST1025,Credit Card,Cashfree,3999.0,Success,New,Central,5.85
PAY10374,2025-08-15 15:56:47.679,CUST1021,Credit Card,Stripe,999.0,Success,New,East,8.53
PAY10375,2025-08-16 06:31:51.185,CUST1216,Debit Card,PayU,999.0,Success,New,Central,6.8
PAY10376,2025-08-16 21:06:54.691,CUST1121,Net Banking,Cashfree,499.0,Success,Returning,South,6.16
PAY10377,2025-08-17 11:41:58.197,CUST1122,Net Banking,Razorpay,1999.0,Failed,New,North,11.2
PAY10378,2025-08-18 02:17:01.703,CUST1133,Wallet,Razorpay,499.0,Success,New,East,22.79
PAY10379,2025-08-18 16:52:05.209,CUST1070,Wallet,Razorpay,2499.0,Failed,Returning,East,13.17
PAY10380,2025-08-19 07:27:08.715,CUST1113,UPI,PayU,799.0,Success,New,Central,5.51
PAY10381,2025-08-19 22:02:12.220,CUST1107,Credit Card,Stripe,799.0,Success,New,South,2.85
PAY10382,2025-08-20 12:37:15.726,CUST1112,Wallet,Razorpay,1499.0,Success,New,South,17.71
PAY10383,2025-08-21 03:12:19.232,CUST1108,Net Banking,PayU,799.0,Success,Returning,Central,10.19
PAY10384,2025-08-21 17:47:22.738,CUST1047,Debit Card,Cashfree,499.0,Failed,New,South,20.72
PAY10385,2025-08-22 08:22:26.244,CUST1215,Net Banking,Stripe,3999.0,Success,New,West,16.83
PAY10386,2025-08-22 22:57:29.750,CUST1196,Credit Card,Cashfree,499.0,Failed,New,North,20.11
PAY10387,2025-08-23 13:32:33.255,CUST1091,Net Banking,PayU,499.0,Success,New,East,7.53
PAY10388,2025-08-24 04:07:36.761,CUST1018,UPI,Razorpay,2999.0,Success,Returning,North,17.62
PAY10389,2025-08-24 18:42:40.267,CUST1149,Credit Card,Razorpay,3999.0,Success,New,East,7.34
PAY10390,2025-08-25 09:17:43.773,CUST1220,Debit Card,PayU,2499.0,Failed,New,West,23.54
PAY10391,2025-08-25 23:52:47.279,CUST1227,UPI,Razorpay,799.0,Refunded,New,South,16.27
PAY10392,2025-08-26 14:27:50.785,CUST1214,Credit Card,Stripe,3999.0,Success,New,Central,8.79
PAY10393,2025-08-27 05:02:54.290,CUST1104,Debit Card,PayU,799.0,Success,New,West,7.47
PAY10394,2025-08-27 19:37:57.796,CUST1151,UPI,Cashfree,1499.0,Success,Returning,North,5.58
PAY10395,2025-08-28 10:13:01.302,CUST1192,UPI,PayU,3999.0,Success,New,Central,17.67
PAY10396,2025-08-29 00:48:04.808,CUST1195,Credit Card,Stripe,799.0,Pending,Returning,South,6.25
PAY10397,2025-08-29 15:23:08.314,CUST1040,Wallet,Stripe,2499.0,Failed,Returning,West,15.29
PAY10398,2025-08-30 05:58:11.820,CUST1242,UPI,PayU,299.0,Success,New,Central,7.35
PAY10399,2025-08-30 20:33:15.326,CUST1138,UPI,PayU,999.0,Success,New,West,16.89
PAY10400,2025-08-31 11:08:18.831,CUST1089,Debit Card,Razorpay,999.0,Success,New,West,20.56
PAY10401,2025-09-01 01:43:22.337,CUST1180,Net Banking,Stripe,2499.0,Success,New,South,19.67
PAY10402,2025-09-01 16:18:25.843,CUST1241,Credit Card,PayU,2999.0,Pending,New,East,19.26
PAY10403,2025-09-02 06:53:29.349,CUST1200,Credit Card,PayU,299.0,Success,New,Central,5.51
PAY10404,2025-09-02 21:28:32.855,CUST1247,Wallet,Stripe,1499.0,Failed,New,South,3.12
PAY10405,2025-09-03 12:03:36.361,CUST1203,Wallet,PayU,2499.0,Success,Returning,West,17.77
PAY10406,2025-09-04 02:38:39.866,CUST1061,Credit Card,Razorpay,999.0,Pending,New,South,9.84
PAY10407,2025-09-04 17:13:43.372,CUST1192,Wallet,Stripe,999.0,Success,Returning,East,11.38
PAY10408,2025-09-05 07:48:46.878,CUST1005,Debit Card,Razorpay,999.0,Success,New,Central,1.75
PAY10409,2025-09-05 22:23:50.384,CUST1122,Credit Card,Razorpay,1999.0,Pending,Returning,East,7.23
PAY10410,2025-09-06 12:58:53.890,CUST1237,Wallet,Razorpay,2499.0,Success,New,North,1.81
PAY10411,2025-09-07 03:33:57.396,CUST1181,Credit Card,Razorpay,1499.0,Success,New,Central,22.1
PAY10412,2025-09-07 18:09:00.902,CUST1055,Net Banking,Stripe,1499.0,Refunded,Returning,East,6.84
PAY10413,2025-09-08 08:44:04.407,CUST1037,UPI,Razorpay,999.0,Refunded,New,West,14.38
PAY10414,2025-09-08 23:19:07.913,CUST1056,Credit Card,Razorpay,799.0,Success,New,Central,1.94
PAY10415,2025-09-09 13:54:11.419,CUST1187,UPI,PayU,2499.0,Success,Returning,Central,17.0
PAY10416,2025-09-10 04:29:14.925,CUST1237,Wallet,Stripe,1999.0,Success,New,South,8.75
PAY10417,2025-09-10 19:04:18.431,CUST1102,UPI,Stripe,2499.0,Success,New,West,22.55
PAY10418,2025-09-11 09:39:21.937,CUST1093,Credit Card,Cashfree,1499.0,Success,Returning,North,22.31
PAY10419,2025-09-12 00:14:25.442,CUST1197,Net Banking,Stripe,1999.0,Success,Returning,East,8.81
PAY10420,2025-09-12 14:49:28.948,CUST1073,Wallet,Stripe,1499.0,Success,Returning,South,22.62
PAY10421,2025-09-13 05:24:32.454,CUST1059,Credit Card,Cashfree,2499.0,Failed,New,East,24.91
PAY10422,2025-09-13 19:59:35.960,CUST1240,Wallet,Stripe,499.0,Failed,Returning,North,20.81
PAY10423,2025-09-14 10:34:39.466,CUST1002,Debit Card,Stripe,1499.0,Success,New,North,21.28
PAY10424,2025-09-15 01:09:42.972,CUST1193,UPI,Stripe,1999.0,Success,Returning,Central,6.98
PAY10425,2025-09-15 15:44:46.477,CUST1104,Debit Card,Stripe,1999.0,Success,Returning,North,14.84
PAY10426,2025-09-16 06:19:49.983,CUST1188,Credit Card,Cashfree,1499.0,Success,Returning,East,2.61
PAY10427,2025-09-16 20:54:53.489,CUST1051,Net Banking,Stripe,2499.0,Success,Returning,West,3.28
PAY10428,2025-09-17 11:29:56.995,CUST1030,Wallet,Stripe,2999.0,Pending,New,West,24.97
PAY10429,2025-09-18 02:05:00.501,CUST1011,UPI,Cashfree,2499.0,Success,Returning,Central,8.84
PAY10430,2025-09-18 16:40:04.007,CUST1220,Wallet,PayU,1499.0,Success,Returning,East,18.96
PAY10431,2025-09-19 07:15:07.513,CUST1108,Credit Card,Razorpay,299.0,Success,New,East,20.36
PAY10432,2025-09-19 21:50:11.018,CUST1076,Wallet,PayU,1499.0,Success,Returning,North,21.59
PAY10433,2025-09-20 12:25:14.524,CUST1167,UPI,Cashfree,499.0,Success,New,East,24.94
PAY10434,2025-09-21 03:00:18.030,CUST1090,Credit Card,Razorpay,1499.0,Success,Returning,South,6.8
PAY10435,2025-09-21 17:35:21.536,CUST1205,Wallet,Cashfree,1499.0,Success,Returning,North,1.97
PAY10436,2025-09-22 08:10:25.042,CUST1123,Net Banking,Cashfree,499.0,Success,Returning,South,10.87
PAY10437,2025-09-22 22:45:28.548,CUST1200,Credit Card,Stripe,1499.0,Success,New,Central,4.12
PAY10438,2025-09-23 13:20:32.053,CUST1191,Credit Card,Razorpay,999.0,Failed,New,West,1.54
PAY10439,2025-09-24 03:55:35.559,CUST1192,Net Banking,Stripe,299.0,Success,New,Central,9.65
PAY10440,2025-09-24 18:30:39.065,CUST1189,Debit Card,Razorpay,799.0,Success,Returning,West,19.81
PAY10441,2025-09-25 09:05:42.571,CUST1125,UPI,Cashfree,299.0,Success,New,Central,14.59
PAY10442,2025-09-25 23:40:46.077,CUST1182,Debit Card,Cashfree,1499.0,Refunded,New,East,8.51
PAY10443,2025-09-26 14:15:49.583,CUST1220,Wallet,PayU,999.0,Success,Returning,South,16.7
PAY10444,2025-09-27 04:50:53.088,CUST1122,Net Banking,Razorpay,2499.0,Success,New,West,6.57
PAY10445,2025-09-27 19:25:56.594,CUST1094,Debit Card,Stripe,1499.0,Failed,Returning,North,1.35
PAY10446,2025-09-28 10:01:00.100,CUST1201,Credit Card,PayU,999.0,Pending,Returning,South,19.34
PAY10447,2025-09-29 00:36:03.606,CUST1103,Wallet,PayU,499.0,Refunded,Returning,North,15.97
PAY10448,2025-09-29 15:11:07.112,CUST1223,Wallet,PayU,999.0,Success,New,South,19.3
PAY10449,2025-09-30 05:46:10.618,CUST1186,Debit Card,Stripe,499.0,Success,New,South,1.93
PAY10450,2025-09-30 20:21:14.124,CUST1213,Debit Card,PayU,2999.0,Success,New,Central,21.09
PAY10451,2025-10-01 10:56:17.629,CUST1184,Net Banking,Stripe,799.0,Success,New,West,15.87
PAY10452,2025-10-02 01:31:21.135,CUST1239,UPI,PayU,3999.0,Success,New,West,14.52
PAY10453,2025-10-02 16:06:24.641,CUST1162,Debit Card,Stripe,999.0,Success,New,South,15.99
PAY10454,2025-10-03 06:41:28.147,CUST1247,Debit Card,Cashfree,1999.0,Pending,Returning,East,21.75
PAY10455,2025-10-03 21:16:31.653,CUST1031,Credit Card,Cashfree,1499.0,Success,Returning,East,15.09
PAY10456,2025-10-04 11:51:35.159,CUST1052,Wallet,Cashfree,299.0,Success,New,North,14.94
PAY10457,2025-10-05 02:26:38.664,CUST1089,UPI,Cashfree,3999.0,Success,Returning,North,24.78
PAY10458,2025-10-05 17:01:42.170,CUST1076,Credit Card,Cashfree,299.0,Success,Returning,Central,19.16
PAY10459,2025-10-06 07:36:45.676,CUST1129,Net Banking,PayU,2999.0,Success,Returning,South,11.62
PAY10460,2025-10-06 22:11:49.182,CUST1183,Net Banking,PayU,3999.0,Success,Returning,North,17.98
PAY10461,2025-10-07 12:46:52.688,CUST1022,Debit Card,PayU,3999.0,Success,New,North,10.34
PAY10462,2025-10-08 03:21:56.194,CUST1040,Debit Card,Stripe,299.0,Success,New,South,6.49
PAY10463,2025-10-08 17:56:59.699,CUST1101,Net Banking,Stripe,499.0,Success,New,Central,15.32
PAY10464,2025-10-09 08:32:03.205,CUST1111,Debit Card,Stripe,299.0,Success,New,North,23.28
PAY10465,2025-10-09 23:07:06.711,CUST1129,UPI,Stripe,499.0,Refunded,Returning,Central,23.3
PAY10466,2025-10-10 13:42:10.217,CUST1065,Debit Card,Cashfree,2999.0,Success,Returning,West,9.21
PAY10467,2025-10-11 04:17:13.723,CUST1249,Wallet,Cashfree,1499.0,Success,New,Central,13.66
PAY10468,2025-10-11 18:52:17.229,CUST1191,Debit Card,Cashfree,2499.0,Failed,New,East,6.08
PAY10469,2025-10-12 09:27:20.735,CUST1234,Credit Card,Razorpay,499.0,Success,Returning,East,24.9
PAY10470,2025-10-13 00:02:24.240,CUST1182,UPI,PayU,2999.0,Refunded,New,Central,24.55
PAY10471,2025-10-13 14:37:27.746,CUST1170,Credit Card,Stripe,1999.0,Success,New,East,16.59
PAY10472,2025-10-14 05:12:31.252,CUST1149,Credit Card,Stripe,2999.0,Refunded,Returning,West,20.31
PAY10473,2025-10-14 19:47:34.758,CUST1079,Wallet,Cashfree,299.0,Success,New,South,18.16
PAY10474,2025-10-15 10:22:38.264,CUST1209,UPI,Stripe,299.0,Pending,New,East,15.24
PAY10475,2025-10-16 00:57:41.770,CUST1022,UPI,Stripe,2499.0,Success,New,East,2.28
PAY10476,2025-10-16 15:32:45.275,CUST1166,UPI,PayU,2999.0,Refunded,Returning,Central,11.91
PAY10477,2025-10-17 06:07:48.781,CUST1099,UPI,Cashfree,799.0,Success,New,West,17.19
PAY10478,2025-10-17 20:42:52.287,CUST1237,UPI,PayU,1499.0,Success,New,South,17.26
PAY10479,2025-10-18 11:17:55.793,CUST1208,Wallet,Razorpay,299.0,Refunded,New,Central,9.95
PAY10480,2025-10-19 01:52:59.299,CUST1008,Debit Card,Razorpay,2499.0,Success,New,Central,23.6
PAY10481,2025-10-19 16:28:02.805,CUST1190,Credit Card,Razorpay,1499.0,Success,New,West,5.02
PAY10482,2025-10-20 07:03:06.311,CUST1175,UPI,Cashfree,2999.0,Success,Returning,South,13.01
PAY10483,2025-10-20 21:38:09.816,CUST1017,Debit Card,Stripe,2999.0,Success,New,West,17.58
PAY10484,2025-10-21 12:13:13.322,CUST1017,Debit Card,Cashfree,3999.0,Success,Returning,South,17.73
PAY10485,2025-10-22 02:48:16.828,CUST1246,Credit Card,Cashfree,2499.0,Success,New,West,16.57
PAY10486,2025-10-22 17:23:20.334,CUST1090,Wallet,Stripe,299.0,Pending,New,Central,7.61
PAY10487,2025-10-23 07:58:23.840,CUST1141,Net Banking,PayU,799.0,Success,New,Central,4.75
PAY10488,2025-10-23 22:33:27.346,CUST1145,Net Banking,Razorpay,2999.0,Success,New,North,16.26
PAY10489,2025-10-24 13:08:30.851,CUST1166,Debit Card,PayU,799.0,Refunded,New,East,15.38
PAY10490,2025-10-25 03:43:34.357,CUST1081,Credit Card,Razorpay,2999.0,Pending,New,West,5.3
PAY10491,2025-10-25 18:18:37.863,CUST1240,Net Banking,Cashfree,299.0,Success,New,North,17.92
PAY10492,2025-10-26 08:53:41.369,CUST1078,Debit Card,Razorpay,1499.0,Success,Returning,East,11.92
PAY10493,2025-10-26 23:28:44.875,CUST1173,Wallet,Cashfree,999.0,Success,New,West,17.03
PAY10494,2025-10-27 14:03:48.381,CUST1006,Net Banking,PayU,1499.0,Success,Returning,South,21.1
PAY10495,2025-10-28 04:38:51.886,CUST1163,Debit Card,Cashfree,2999.0,Success,Returning,East,5.07
PAY10496,2025-10-28 19:13:55.392,CUST1110,Debit Card,PayU,999.0,Success,New,Central,1.46
PAY10497,2025-10-29 09:48:58.898,CUST1014,UPI,Stripe,999.0,Success,New,North,19.7
PAY10498,2025-10-30 00:24:02.404,CUST1239,Wallet,Stripe,799.0,Success,New,East,15.63
PAY10499,2025-10-30 14:59:05.910,CUST1072,UPI,Stripe,2499.0,Refunded,New,East,17.79
PAY10500,2025-10-31 05:34:09.416,CUST1189,Credit Card,Cashfree,799.0,Refunded,New,Central,21.12
PAY10501,2025-10-31 20:09:12.922,CUST1143,UPI,Stripe,799.0,Success,Returning,West,20.27
PAY10502,2025-11-01 10:44:16.427,CUST1054,UPI,Razorpay,1499.0,Success,New,Unknown,24.06
PAY10503,2025-11-02 01:19:19.933,CUST1027,Net Banking,PayU,1499.0,Success,New,Central,13.86
PAY10504,2025-11-02 15:54:23.439,CUST1013,Debit Card,PayU,1999.0,Failed,Returning,South,12.72
PAY10505,2025-11-03 06:29:26.945,CUST1241,Wallet,Razorpay,2999.0,Success,New,West,10.65
PAY10506,2025-11-03 21:04:30.451,CUST1159,UPI,Cashfree,1999.0,Success,Returning,East,4.69
PAY10507,2025-11-04 11:39:33.957,CUST1245,Wallet,Cashfree,299.0,Pending,New,South,14.74
PAY10508,2025-11-05 02:14:37.462,CUST1248,UPI,PayU,2999.0,Failed,New,North,7.65
PAY10509,2025-11-05 16:49:40.968,CUST1163,Credit Card,Stripe,2999.0,Pending,New,North,23.11
PAY10510,2025-11-06 07:24:44.474,CUST1060,UPI,Cashfree,3999.0,Success,New,Central,15.0
PAY10511,2025-11-06 21:59:47.980,CUST1006,Net Banking,Cashfree,3999.0,Success,Returning,West,15.23
PAY10512,2025-11-07 12:34:51.486,CUST1197,Debit Card,Razorpay,499.0,Success,New,Central,9.52
PAY10513,2025-11-08 03:09:54.992,CUST1214,Credit Card,Razorpay,499.0,Pending,Returning,Central,2.25
PAY10514,2025-11-08 17:44:58.497,CUST1058,UPI,Stripe,799.0,Failed,New,Central,1.76
PAY10515,2025-11-09 08:20:02.003,CUST1049,Wallet,Cashfree,299.0,Success,New,North,11.16
PAY10516,2025-11-09 22:55:05.509,CUST1151,Credit Card,Cashfree,999.0,Success,New,North,3.03
PAY10517,2025-11-10 13:30:09.015,CUST1217,Credit Card,Razorpay,999.0,Success,New,Central,15.56
PAY10518,2025-11-11 04:05:12.521,CUST1162,UPI,Cashfree,3999.0,Failed,Returning,North,22.14
PAY10519,2025-11-11 18:40:16.027,CUST1026,Credit Card,PayU,3999.0,Refunded,New,West,22.19
PAY10520,2025-11-12 09:15:19.533,CUST1047,Wallet,Razorpay,3999.0,Success,New,Central,16.82
PAY10521,2025-11-12 23:50:23.038,CUST1005,Credit Card,Stripe,2499.0,Success,New,North,6.07
PAY10522,2025-11-13 14:25:26.544,CUST1218,Wallet,Razorpay,499.0,Success,New,South,21.71
PAY10523,2025-11-14 05:00:30.050,CUST1020,UPI,Cashfree,1499.0,Refunded,New,Central,22.27
PAY10524,2025-11-14 19:35:33.556,CUST1134,Debit Card,Stripe,999.0,Failed,New,Central,5.72
PAY10525,2025-11-15 10:10:37.062,CUST1198,Credit Card,Razorpay,2999.0,Failed,Returning,West,18.7
PAY10526,2025-11-16 00:45:40.568,CUST1059,Debit Card,PayU,499.0,Success,New,East,7.88
PAY10527,2025-11-16 15:20:44.073,CUST1192,Wallet,PayU,1999.0,Success,New,East,20.26
PAY10528,2025-11-17 05:55:47.579,CUST1242,Credit Card,Razorpay,1499.0,Success,New,West,24.93
PAY10529,2025-11-17 20:30:51.085,CUST1146,Net Banking,PayU,499.0,Success,New,West,1.72
PAY10530,2025-11-18 11:05:54.591,CUST1132,Debit Card,PayU,299.0,Failed,Returning,West,22.54
PAY10531,2025-11-19 01:40:58.097,CUST1017,Credit Card,PayU,2999.0,Failed,New,East,15.94
PAY10532,2025-11-19 16:16:01.603,CUST1249,Debit Card,Stripe,499.0,Refunded,New,West,24.36
PAY10533,2025-11-20 06:51:05.109,CUST1014,Credit Card,PayU,2499.0,Refunded,New,North,12.16
PAY10534,2025-11-20 21:26:08.614,CUST1206,UPI,PayU,3999.0,Success,New,Central,21.34
PAY10535,2025-11-21 12:01:12.120,CUST1013,Debit Card,PayU,3999.0,Success,New,Central,2.5
PAY10536,2025-11-22 02:36:15.626,CUST1135,Net Banking,Stripe,2999.0,Pending,Returning,South,9.05
PAY10537,2025-11-22 17:11:19.132,CUST1128,Net Banking,Razorpay,3999.0,Failed,Returning,South,2.61
PAY10538,2025-11-23 07:46:22.638,CUST1044,Wallet,Cashfree,499.0,Success,Returning,Central,24.41
PAY10539,2025-11-23 22:21:26.144,CUST1119,Credit Card,PayU,1999.0,Success,New,North,20.61
PAY10540,2025-11-24 12:56:29.649,CUST1143,Debit Card,Razorpay,999.0,Success,New,East,21.46
PAY10541,2025-11-25 03:31:33.155,CUST1019,Wallet,PayU,999.0,Refunded,New,East,23.51
PAY10542,2025-11-25 18:06:36.661,CUST1063,Debit Card,Stripe,1499.0,Success,New,North,3.04
PAY10543,2025-11-26 08:41:40.167,CUST1235,Credit Card,Razorpay,799.0,Success,Returning,East,10.25
PAY10544,2025-11-26 23:16:43.673,CUST1239,Net Banking,Stripe,299.0,Success,New,West,2.7
PAY10545,2025-11-27 13:51:47.179,CUST1236,UPI,PayU,2999.0,Success,Returning,Central,6.06
PAY10546,2025-11-28 04:26:50.684,CUST1163,Net Banking,PayU,1499.0,Success,Returning,Central,6.5
PAY10547,2025-11-28 19:01:54.190,CUST1081,Wallet,Stripe,799.0,Success,New,North,12.26
PAY10548,2025-11-29 09:36:57.696,CUST1163,UPI,Cashfree,2499.0,Success,New,East,7.45
PAY10549,2025-11-30 00:12:01.202,CUST1147,Wallet,Stripe,2499.0,Success,Returning,South,3.42
PAY10550,2025-11-30 14:47:04.708,CUST1148,Credit Card,PayU,299.0,Success,New,South,5.02
PAY10551,2025-12-01 05:22:08.214,CUST1100,UPI,Stripe,3999.0,Success,Returning,East,4.53
PAY10552,2025-12-01 19:57:11.720,CUST1163,Wallet,Cashfree,499.0,Failed,New,South,24.35
PAY10553,2025-12-02 10:32:15.225,CUST1160,Credit Card,Stripe,1499.0,Success,New,North,19.22
PAY10554,2025-12-03 01:07:18.731,CUST1122,Net Banking,Cashfree,1499.0,Success,New,North,24.23
PAY10555,2025-12-03 15:42:22.237,CUST1176,Credit Card,Cashfree,2999.0,Failed,Returning,East,11.55
PAY10556,2025-12-04 06:17:25.743,CUST1044,Debit Card,Stripe,2999.0,Success,New,South,7.68
PAY10557,2025-12-04 20:52:29.249,CUST1104,Credit Card,Stripe,2499.0,Success,Returning,North,20.16
PAY10558,2025-12-05 11:27:32.755,CUST1152,Credit Card,Razorpay,2499.0,Success,New,North,8.83
PAY10559,2025-12-06 02:02:36.260,CUST1061,Debit Card,PayU,1999.0,Success,Returning,West,8.19
PAY10560,2025-12-06 16:37:39.766,CUST1125,Wallet,Cashfree,1999.0,Success,Returning,West,6.58
PAY10561,2025-12-07 07:12:43.272,CUST1145,Wallet,Razorpay,3999.0,Success,New,North,4.11
PAY10562,2025-12-07 21:47:46.778,CUST1071,Credit Card,Stripe,1999.0,Success,New,East,7.16
PAY10563,2025-12-08 12:22:50.284,CUST1107,Debit Card,PayU,499.0,Success,Returning,Central,9.53
PAY10564,2025-12-09 02:57:53.790,CUST1050,Debit Card,Razorpay,499.0,Success,New,Central,17.18
PAY10565,2025-12-09 17:32:57.295,CUST1065,Net Banking,Cashfree,1499.0,Success,Returning,North,2.5
PAY10566,2025-12-10 08:08:00.801,CUST1099,Wallet,Razorpay,999.0,Success,New,North,6.05
PAY10567,2025-12-10 22:43:04.307,CUST1032,UPI,Cashfree,499.0,Success,Returning,North,20.42
PAY10568,2025-12-11 13:18:07.813,CUST1164,Wallet,Stripe,799.0,Success,Returning,East,4.53
PAY10569,2025-12-12 03:53:11.319,CUST1141,Wallet,PayU,2499.0,Pending,Returning,West,9.22
PAY10570,2025-12-12 18:28:14.825,CUST1198,Net Banking,PayU,2999.0,Success,New,North,21.75
PAY10571,2025-12-13 09:03:18.331,CUST1058,UPI,PayU,1999.0,Success,New,North,4.72
PAY10572,2025-12-13 23:38:21.836,CUST1128,Net Banking,Stripe,1499.0,Failed,New,South,2.99
PAY10573,2025-12-14 14:13:25.342,CUST1142,UPI,Cashfree,299.0,Success,New,East,12.63
PAY10574,2025-12-15 04:48:28.848,CUST1165,Credit Card,Stripe,2999.0,Success,New,North,8.26
PAY10575,2025-12-15 19:23:32.354,CUST1112,UPI,PayU,799.0,Failed,New,South,14.52
PAY10576,2025-12-16 09:58:35.860,CUST1207,Net Banking,Stripe,1999.0,Pending,Returning,Central,20.29
PAY10577,2025-12-17 00:33:39.366,CUST1239,Wallet,Stripe,799.0,Success,New,North,4.29
PAY10578,2025-12-17 15:08:42.871,CUST1068,UPI,Stripe,2499.0,Pending,New,North,14.94
PAY10579,2025-12-18 05:43:46.377,CUST1040,UPI,Cashfree,2499.0,Success,Returning,South,13.13
PAY10580,2025-12-18 20:18:49.883,CUST1187,Debit Card,Razorpay,3999.0,Success,New,East,4.46
PAY10581,2025-12-19 10:53:53.389,CUST1208,Wallet,Razorpay,1499.0,Success,New,North,15.98
PAY10582,2025-12-20 01:28:56.895,CUST1220,Credit Card,Stripe,2999.0,Refunded,Returning,Central,7.57
PAY10583,2025-12-20 16:04:00.401,CUST1144,Net Banking,Razorpay,2999.0,Success,Returning,North,12.71
PAY10584,2025-12-21 06:39:03.907,CUST1190,Credit Card,Razorpay,299.0,Success,New,Central,2.97
PAY10585,2025-12-21 21:14:07.412,CUST1132,Wallet,Stripe,1499.0,Success,New,West,12.03
PAY10586,2025-12-22 11:49:10.918,CUST1173,UPI,Stripe,799.0,Success,Returning,West,8.36
PAY10587,2025-12-23 02:24:14.424,CUST1090,UPI,PayU,299.0,Success,New,Central,20.74
PAY10588,2025-12-23 16:59:17.930,CUST1028,Wallet,Razorpay,999.0,Success,New,East,2.37
PAY10589,2025-12-24 07:34:21.436,CUST1096,UPI,Cashfree,2999.0,Success,New,North,11.05
PAY10590,2025-12-24 22:09:24.942,CUST1237,UPI,Stripe,799.0,Success,New,North,12.0
PAY10591,2025-12-25 12:44:28.447,CUST1194,UPI,PayU,499.0,Success,New,West,18.4
PAY10592,2025-12-26 03:19:31.953,CUST1031,Net Banking,Cashfree,3999.0,Success,New,Central,14.78
PAY10593,2025-12-26 17:54:35.459,CUST1003,Net Banking,Razorpay,1499.0,Success,New,North,17.01
PAY10594,2025-12-27 08:29:38.965,CUST1246,Debit Card,PayU,2499.0,Success,Returning,North,19.65
PAY10595,2025-12-27 23:04:42.471,CUST1136,Credit Card,Stripe,499.0,Pending,New,East,21.69
PAY10596,2025-12-28 13:39:45.977,CUST1024,Wallet,Cashfree,3999.0,Success,Returning,South,8.53
PAY10597,2025-12-29 04:14:49.482,CUST1015,Wallet,Stripe,3999.0,Success,Returning,West,13.91
PAY10598,2025-12-29 18:49:52.988,CUST1171,Wallet,Razorpay,999.0,Success,New,West,21.16
PAY10599,2025-12-30 09:24:56.494,CUST1159,Debit Card,Cashfree,999.0,Success,New,South,24.75
PAY10600,2025-12-31 00:00:00.000,CUST1201,Net Banking,Razorpay,1999.0,Success,New,North,22.35
